"","Ibovespa","Variação","Quantidade"
"1",62131.8007929,0.7,2704470
"2",61700.2909525,0.06,2557488
"3",61665.367897,-0.65,2448153
"4",62070.9822173,0.78,3415517
"5",61589.0573096,-0.36,2928715
"6",61813.8299227,3.73,3431249
"7",59588.7017622,-1.06,833734
"8",60227.288437,0.75,2185101
"9",59781.6316846,1.85,2021084
"10",58696.692253,0.13,1674851
"11",58620.2595465,1.18,701234
"12",57937.1073061,1.19,2222063
"13",57255.2209572,-0.68,2896660
"14",57646.5200422,0.11,2537956
"15",57582.8938702,0.83,2756108
"16",57110.9948211,-2.19,3501488
"17",58389.0419207,-0.01,3797794
"18",58396.1632881,0.32,3679759
"19",58212.1170795,-1.8,3976328
"20",59280.5696532,0.17,3700063
"21",59178.61,-2.19,3244430
"22",60500.6178743,-0.29,3443075
"23",60676.5673371,-1.2,3027364
"24",61414.4034251,0.53,3960543
"25",61088.245795,2.1,3717962
"26",59831.7278163,-0.8,2949695
"27",60316.1285304,1.36,4478629
"28",59506.5404558,-3.88,5518253
"29",61906.3570518,1.51,4729190
"30",60986.5150476,-2.97,3529830
"31",62855.4951392,2.11,2837051
"32",61559.0765496,0.27,2735806
"33",61395.5310182,-0.95,1647055
"34",61985.90568,0.05,3597646
"35",61954.473996,1.45,4110364
"36",61070.270734,1.85,3628988
"37",59961.7634759,0.32,3569494
"38",59770.4709143,-1.63,3640514
"39",60759.3167361,1.85,4724593
"40",59657.4649214,0.8,5575802
"41",59183.5078887,-3.3,7806992
"42",61200.9561073,-3.25,7859535
"43",63258.2670262,-1.4,5804173
"44",64157.6786235,0.17,3366093
"45",64051.650657,3.98,3428794
"46",61598.3933837,-0.25,4095375
"47",61750.1722429,-2.49,4251455
"48",63326.4172096,-2.46,4644880
"49",64924.5152318,0.96,3934907
"50",64307.632657,0.09,3905701
"51",64249.5045928,0.66,3698479
"52",63825.6874693,-0.06,4432230
"53",63866.2001745,-0.3,4039306
"54",64059.8918574,-0.08,3777179
"55",64108.082337,0.42,3776177
"56",63837.8513018,0.52,3527265
"57",63505.6069126,-0.43,3725754
"58",63782.2072696,1.73,4390419
"59",62696.1093381,1.5,3444019
"60",61767.2176973,1.06,3805449
"61",61118.5803923,0.16,5105858
"62",61021.8484958,-1.05,3678860
"63",61668.3299136,0.92,3027672
"64",61108.9825206,0.77,4374987
"65",60644.2407943,0.65,3615742
"66",60254.340041,1.54,3483419
"67",59339.2288275,-0.21,4015012
"68",59461.2288289,1.87,2859908
"69",58367.0455106,0.03,2946646
"70",58350.5680217,-1.69,3299308
"71",59355.7687589,1.67,3333392
"72",58382.4873912,0.57,3044748
"73",58053.5302753,-1.1,2173986
"74",58697.0019566,-0.5,2896796
"75",58994.1676549,1.03,3469404
"76",58393.9227319,1.14,4010040
"77",57736.4565088,0.67,3090893
"78",57350.3751125,0.47,2774284
"79",57079.759492,-1.43,3825455
"80",57909.4883781,1.49,2899041
"81",57059.4610611,0.42,3432060
"82",56820.7743209,-3.01,4513204
"83",58586.1137721,1.01,3638408
"84",57999.7273295,-3.71,4116395
"85",60231.6548994,0.17,3962758
"86",60129.4376372,0.95,3247893
"87",59566.3448236,-0.08,1824916
"88",59616.3968456,2.37,3888064
"89",58236.2688977,0.58,3801600
"90",57901.1076763,-1.15,4203803
"91",58575.4227449,-0.06,2813803
"92",58610.3915718,1.55,2845019
"93",57716.2483553,-0.01,3723300
"94",57722.1358826,0.01,3066187
"95",57717.8814304,-0.52,3320958
"96",58020.0335992,0.41,3748446
"97",57781.2428132,-2.23,3230413
"98",59098.9207265,-0.11,2743994
"99",59166.0152107,-0.27,3720310
"100",59323.829989,0.8,4309148
"101",58855.4322122,-0.49,3994158
"102",59145.9769487,1.45,3599967
"103",58298.4075742,0,3929724
"104",58299.5716464,2.42,4026545
"105",56919.7784891,-1.33,3619162
"106",57689.4157573,0.09,3144175
"107",57635.4275296,-0.04,3251326
"108",57661.1403446,0.12,3458271
"109",57593.8952118,0.91,4321703
"110",57076.9134889,1.63,4184072
"111",56162.3798206,-1.05,3977021
"112",56755.7595418,-0.96,4214353
"113",57308.2094659,1.13,4553067
"114",56667.1177247,-0.33,3912619
"115",56852.8420149,0.12,3913070
"116",56782.7508594,-0.16,3455494
"117",56872.7267231,-0.23,3223637
"118",57002.0804821,0.64,3002119
"119",56641.4865373,0.11,3594677
"120",56578.0472252,-0.21,4004535
"121",56698.0605926,0.38,3911311
"122",56484.2157713,1.63,4107728
"123",55578.2388467,0.18,3798465
"124",55480.8684666,1.62,4544786
"125",54598.2847151,0.63,4162040
"126",54256.4074296,0.55,3998745
"127",53960.1147003,1.54,3305455
"128",53140.74,2.16,3088100
"129",52014.6559405,0.22,3827036
"130",51901.8080899,0.11,3378403
"131",51842.2705001,-1.38,3217899
"132",52568.6566545,0.64,2081818
"133",52233.0442241,1.37,4243369
"134",51526.9264423,1.03,4513205
"135",51001.9087716,1.99,4092914
"136",50006.5644243,1.55,3511754
"137",49245.5315555,-1.72,3330588
"138",50105.2614346,-2.82,4267066
"139",51559.8177803,2.8,3264735
"140",50156.303731,-1.34,3745304
"141",50837.8047424,1.01,3452756
"142",50329.364271,1.61,3594797
"143",49533.8415401,0.25,4380252
"144",49411.6183904,1.02,4007439
"145",48914.7403716,0.55,5164671
"146",48648.2946023,-2.04,4005247
"147",49660.7897738,0.48,2711908
"148",49422.1594812,-3.32,3069465
"149",51118.4624364,-0.99,3312559
"150",51629.2929105,2.26,4346589
"151",50487.8578892,0.11,3050427
"152",50431.8009358,-0.37,3111873
"153",50619.4982442,1.47,3432384
"154",49887.243488,1.78,3634796
"155",49012.6518239,1.12,3391810
"156",48471.7089264,-1.01,5802783
"157",48964.3422439,-0.18,1205400
"158",49051.4913298,-0.87,2795691
"159",49482.8594555,0.28,3580024
"160",49345.1878907,0.03,3236031
"161",49330.4226601,-0.79,3518444
"162",49722.7453679,-0.82,3355244
"163",50132.5314825,-0.85,4026299
"164",50561.7025498,-0.55,4198544
"165",50839.443619,-1.86,3990828
"166",51802.9201674,0,3638663
"167",51804.307253,-2.7,4447664
"168",53241.3148149,0.9,4773609
"169",52764.4621109,-0.58,4484477
"170",53070.9061165,4.08,4207615
"171",50990.0648876,-1.41,5091058
"172",51717.8257275,0.09,3397976
"173",51671.0402311,-1.68,3653088
"174",52552.797222,0.56,4395695
"175",52260.1874679,-2.43,4012770
"176",53561.5342108,-0.65,3387678
"177",53910.507001,-0.74,5049948
"178",54311.9662306,-0.3,4550017
"179",54477.7818095,2.63,5049426
"180",53082.5017489,2.35,3865360
"181",51861.7136468,-1.98,3807436
"182",52907.8780387,-1.35,4391090
"183",53630.930252,-0.15,4694907
"184",53710.0465615,1.54,5189617
"185",52894.0794115,-0.63,4525969
"186",53227.7399528,1.56,5203865
"187",52411.0165079,-1.39,5662029
"188",53149.8406831,2.21,6573703
"189",52001.8635844,3.66,5306134
"190",50165.4745566,-0.25,4175993
"191",50292.9268394,3.67,5203785
"192",48513.0999117,0.87,3154518
"193",48096.2404009,-1.95,3927842
"194",49053.6153628,0.56,3655789
"195",48779.9850301,-3.52,3666521
"196",50561.5260757,1.01,4010921
"197",50055.273101,-2.33,4383363
"198",51248.9242865,0.18,4876922
"199",51154.9937195,0.62,4454542
"200",50838.2261822,2.38,3624504
"201",49657.3906046,-0.07,3802456
"202",49690.0469635,-2.59,3751194
"203",51010.1940374,-0.32,4017136
"204",51171.545881,0.7,3823248
"205",50814.656041,-0.19,5616864
"206",50913.7892663,6.6,7469322
"207",47763.4317436,1.34,5269066
"208",47130.0225753,-3.56,5672423
"209",48867.3344993,-1.55,4949609
"210",49638.6753134,0.14,6187794
"211",49571.1051594,1.86,7698099
"212",48665.0907243,-0.89,6423294
"213",49102.1351614,-0.29,7371651
"214",49246.1015987,0.33,5897453
"215",49084.8678195,4.01,10602350
"216",47193.3915698,5.12,9310270
"217",44893.4810581,1.75,5164460
"218",44121.7914561,3.1,4752706
"219",42793.8599897,2.89,4611937
"220",41593.0794015,-0.7,3375852
"221",41887.9024619,-0.47,4046714
"222",42084.55673,-1.03,3631745
"223",42520.9412041,-1.65,3923014
"224",43234.8549229,4.07,4647878
"225",41543.4046123,0.16,3400711
"226",41477.632447,-0.37,3644223
"227",41630.8157481,1.67,5471193
"228",40947.6950951,2.13,4042559
"229",40092.8920666,0.72,1746707
"230",39808.0457941,1.25,3430744
"231",39318.3029113,-2.62,3793960
"232",40376.5797938,-0.53,NA
"233",40592.0941216,-0.56,3668985
"234",40821.7359774,3.11,5555170
"235",39588.8164015,2.57,4369207
"236",38596.1673167,-4.87,4562151
"237",40570.0362224,0.41,3774927
"238",40405.9901619,4.6,5645030
"239",38630.1920529,0.66,4602689
"240",38376.3675581,2.34,4792442
"241",37497.4761792,-1.4,3718594
"242",38031.2204516,0.83,4327290
"243",37717.1087047,0.19,3890302
"244",37645.4781611,-1.08,4080817
"245",38057.0139487,0.32,3139147
"246",37937.2728066,-1.64,2227989
"247",38569.1251415,-2.36,4202507
"248",39500.1081907,1.43,3988208
"249",38944.4400201,-1.44,3679960
"250",39513.8277364,-1.09,3488428
"251",39950.490599,-1.63,3181860
"252",40612.207227,-0.2,3321157
"253",40694.7205464,-2.58,4156976
"254",41773.142994,-1.52,4057569
"255",42419.3213212,0.66,2636262
"256",42141.0369867,-2.79,3068284
"257",43349.9602613,-0.7,2762073
"258",43653.9674481,-0.25,1727651
"259",43764.3378098,-0.57,1848691
"260",44014.9340363,1.25,2578747
"261",43469.5159717,0.62,2656696
"262",43199.953917,-1.62,3559665
"263",43910.5984119,-2.98,4705897
"264",45261.4793684,0.55,3122491
"265",45015.8451305,0.32,3427111
"266",44872.467707,0.28,2637643
"267",44747.3142877,-1.14,2558343
"268",45262.7231435,-0.81,3383409
"269",45630.7093122,-1.04,3750789
"270",46108.02591,3.75,4583937
"271",44443.2562229,-1.72,3302315
"272",45222.6994137,-0.3,2941480
"273",45360.7587709,-2.23,3629796
"274",46393.2619084,3.29,4558194
"275",44914.5330802,-0.29,4308723
"276",45046.7502852,-0.16,4305545
"277",45120.3608793,-1.64,7386424
"278",45872.9155474,-2.7,3125670
"279",47145.6312293,0.6,2359059
"280",46866.63466,-2.94,4098989
"281",48284.1891755,0.28,3552319
"282",48150.272352,0.02,3378952
"283",48138.8850019,1.48,4194910
"284",47435.5771999,0.4,4088052
"285",47247.8020938,0.86,3445009
"286",46846.8738247,0.71,3242162
"287",46517.0387421,-0.78,3625972
"288",46883.5765441,-0.39,3251798
"289",47065.0109319,1.86,3166744
"290",46206.5676266,0.03,2476056
"291",46194.9201659,-1.54,2349012
"292",46918.515478,-2.35,3186749
"293",48046.7575846,0.71,3189044
"294",47710.0987974,-0.71,3739410
"295",48053.6684426,4.76,4746209
"296",45868.8176035,0.53,3331281
"297",45628.3532365,-2.38,3177303
"298",46740.8481146,-0.64,4085248
"299",47042.9473611,-0.35,3443777
"300",47209.3225503,-0.81,2527188
"301",47596.5883432,-0.37,3592258
"302",47772.1407293,1.59,3220747
"303",47025.8661644,-0.11,3048840
"304",47076.5523227,-0.78,3399038
"305",47447.3122572,0.45,3133571
"306",47236.1038278,0.16,3647094
"307",47161.15,0.96,3653001
"308",46710.4377785,-1.38,6141671
"309",47362.6379639,-4,4351558
"310",49338.4126337,0.47,4692043
"311",49106.5570807,0.39,3695877
"312",48914.3218022,2.47,6248056
"313",47735.1107959,0.29,3370845
"314",47598.0689803,1.2,3323679
"315",47033.4595937,3.8,4125082
"316",45313.2712271,0.56,3889907
"317",45059.3447983,2.1,4980573
"318",44131.8244855,0.4,3052272
"319",43956.62798,-1.95,2857555
"320",44831.4604868,-1.02,3232252
"321",45291.9666328,-0.11,4465736
"322",45340.1097671,-2,4084534
"323",46264.6076579,-0.7,4322773
"324",46590.1979385,-1.43,2681615
"325",47264.0818587,-2.65,4516541
"326",48551.077507,0,4314091
"327",48553.0976122,2.51,4453875
"328",47364.0684149,0.17,3672199
"329",47281.5181839,1.9,3690108
"330",46400.5050367,-0.22,3615283
"331",46503.9941192,-0.33,4621908
"332",46657.0978004,-0.22,3813580
"333",46762.0697583,0.57,2939213
"334",46497.7204461,-1.83,4303986
"335",47365.8730204,1.94,4229914
"336",46463.9616358,2.17,3855783
"337",45477.0601441,-2.46,3778328
"338",46625.520077,-1.12,4953961
"339",47153.8691097,-1.18,3895479
"340",47715.27335,3.64,4383548
"341",46038.0769973,3.35,3856062
"342",44544.8540872,0.47,3841918
"343",44336.4712539,-3.03,4873873
"344",45719.6401348,-1.99,2958375
"345",46649.231147,0.13,3036751
"346",46588.3910183,-1.82,3336902
"347",47450.5808335,0.49,3654185
"348",47217.4275031,-0.61,2486356
"349",47508.4052704,-1.04,2971352
"350",48009.5657323,-0.78,3285000
"351",48388.0463525,-1.39,4365459
"352",49072.3399784,-0.57,3288048
"353",49353.0027528,1.6,2930049
"354",48577.3230459,-2.87,3317935
"355",50011.3236364,-0.55,3753440
"356",50287.2702145,0.46,2750103
"357",50058.4865964,-0.16,2752972
"358",50138.0483709,-1.43,2694013
"359",50864.7715285,1.94,3142165
"360",49897.4037179,-0.69,3261190
"361",50245.1454574,1.3,3746784
"362",49601.598631,1.78,4137610
"363",48735.543684,-1.04,3489083
"364",49245.84,-1.13,3744801
"365",49806.62,-2.18,4310848
"366",50915.78,-1.09,3219881
"367",51474.28,-0.24,3033569
"368",51600.07,-1.42,2716492
"369",52341.8,-1.37,2516288
"370",53069.75,0.32,2139907
"371",52902.28,-0.63,2612000
"372",53239.17,0.23,2740920
"373",53119.47,1.01,2687479
"374",52590.72,1.56,2761466
"375",51781.74,-1.07,2969398
"376",52343.71,0.37,3648384
"377",52149.37,-0.7,2653123
"378",52519.4,-1.1,1544926
"379",53106.18,0.66,3090849
"380",52757.53,-0.61,2797896
"381",53080.88,0.13,3114478
"382",53014.21,-1.86,2629521
"383",54016.97,1.58,2789119
"384",53175.66,-1.24,3334905
"385",53842.53,0.13,2815624
"386",53772.43,-0.17,2706498
"387",53863.67,0.21,2427210
"388",53749.41,-0.9,2948185
"389",54238.59,1.86,2747419
"390",53248.54,-0.84,3085842
"391",53702.15,1.06,3381847
"392",53137.53,-0.39,2688340
"393",53347.53,-0.64,2453109
"394",53688.51,-0.35,3189181
"395",53876.44,2.01,3698521
"396",52815.99,0.01,3791772
"397",52809.63,-0.31,2662367
"398",52973.37,-1.03,2813461
"399",53522.9,-1.32,3420098
"400",54236.43,2.27,3583478
"401",53031.31,0.51,2758061
"402",52760.47,-2.25,5725076
"403",53976.27,-0.48,3004645
"404",54236.25,1.13,3583124
"405",53629.78,-1.79,3426957
"406",54609.25,0.43,1654206
"407",54377.29,-1.33,3803178
"408",55112.05,0.38,3405913
"409",54901.02,-1.08,3380056
"410",55498.82,-1.26,3322746
"411",56204.23,-1.82,3895263
"412",57248.63,1.04,2983928
"413",56656.57,0.5,3309088
"414",56372.04,-0.74,3166747
"415",56792.05,-0.71,3183086
"416",57197.1,0.08,3057993
"417",57149.33,0.4,3410939
"418",56921.39,-0.32,3065102
"419",57103.14,-1.63,4598417
"420",58051.61,1.22,3903794
"421",57353.98,2,3492590
"422",56229.38,1.63,4947523
"423",55325.29,-0.87,3888356
"424",55812.03,0.5,4082582
"425",55534.5,-1.87,3854258
"426",56594.22,1.63,4982038
"427",55684.85,1.95,5535066
"428",54617.36,1.59,3700600
"429",53761.27,-0.36,2688021
"430",53954.79,-1.32,3537233
"431",54674.21,-0.45,4132996
"432",54918.74,1.74,4069591
"433",53981.92,-0.48,3747086
"434",54239.77,0.05,3660322
"435",54214.11,0.76,3682967
"436",53802.66,0.26,4338285
"437",53661.11,-0.13,4780429
"438",53729.16,-0.02,3487120
"439",53737.26,1.16,3322148
"440",53123.02,1.53,4266455
"441",52321.76,2.29,4411535
"442",51150.16,-0.18,3511300
"443",51243.45,2.29,2798452
"444",50094.66,-0.96,3927650
"445",50579.85,-2.47,3638500
"446",51858.3,0.68,4774634
"447",51506.07,-0.78,3436456
"448",51908.46,-0.11,3397488
"449",51966.58,1.99,4916763
"450",50953.53,-1.11,3263564
"451",51526.19,2.47,4458894
"452",50285.12,2.94,4013882
"453",48848.21,0.52,3155437
"454",48595.81,-0.58,4475599
"455",48880.4,-0.05,3833169
"456",48905.58,1.27,3839695
"457",48293.4,-1.8,4434294
"458",49181.01,-1.6,3299116
"459",49981.19,-0.76,2787839
"460",50365.2,-0.2,2732467
"461",50468.05,-1.63,3654687
"462",51304.1,0.56,2746169
"463",51020.81,-1.09,2793671
"464",51583.09,-0.34,4177311
"465",51760.54,-0.1,3238977
"466",51811.02,-0.12,3477249
"467",51874.17,1.16,3004176
"468",51280.64,0.08,2824504
"469",51237.7,-0.11,2208689
"470",51294.03,0.03,2485146
"471",51280.36,1.27,2940688
"472",50635.92,2.23,3888107
"473",49532.72,2.68,3828520
"474",48239.67,-0.56,4307622
"475",48510.28,-1.77,3796049
"476",49382.58,1.21,3658907
"477",48792.27,-0.9,4591440
"478",49233.85,-0.14,4003968
"479",49301.05,0.69,4811275
"480",48963.66,2.76,4819816
"481",47650.73,1.58,3247780
"482",46907.68,-1.79,4846621
"483",47762.24,0.14,4405476
"484",47694.54,-1.85,4241414
"485",48591.23,0.03,3890909
"486",48576.55,-0.41,2774186
"487",48775.3,-1.35,3081606
"488",49442.62,0.44,4952273
"489",49224.08,2.81,3561430
"490",47876.66,0.25,2899144
"491",47758.01,-2.57,2096017
"492",49016.52,2.06,3344912
"493",48026.31,0.8,4463625
"494",47645.87,-0.82,3697182
"495",48041.67,-0.2,3881645
"496",48139.74,-1.43,3246063
"497",48840.25,-2.21,2999244
"498",49943.3,0.97,3621862
"499",49462.91,3.05,4408794
"500",48000.92,1.02,4559276
"501",47516.82,-2.05,3866056
"502",48512.22,-2.99,2882090
"503",50007.41,-1.16,2925304
"504",50593.82,0.9,1852527
"505",50144.63,-1.46,1911144
"506",50889.81,1.53,2668328
"507",50120.86,0.95,2675205
"508",49650.98,2.38,3620415
"509",48495.7,-0.45,4240484
"510",48713.64,3.63,6209492
"511",47007.51,-0.02,5339881
"512",47018.68,-2.05,4685720
"513",48001.98,-3.73,3756728
"514",49861.81,0.63,3828879
"515",49548.08,-1.29,3168907
"516",50193.47,-0.16,3852878
"517",50274.07,-3.31,3302589
"518",51992.89,1.1,2530145
"519",51426.87,-1.71,2913305
"520",52320.48,1.37,2724607
"521",51612.47,-1.27,3296415
"522",52276.58,-4.47,4312809
"523",54724,0,2637724
"524",54721.32,-0.68,2292717
"525",55098.47,-0.83,3033293
"526",55560.81,0.28,5033206
"527",55406.91,-1.21,4588699
"528",56084.04,5.02,6026202
"529",53402.81,2.58,4251304
"530",52061.86,1.57,3639741
"531",51256.99,-1,2824585
"532",51772.4,-0.14,3789284
"533",51846.03,-2.14,3032941
"534",52978.89,0.96,3198594
"535",52474.27,-0.48,2678503
"536",52725.38,-0.93,2973736
"537",53222.85,1.11,3592633
"538",52637.06,-1.98,3692537
"539",53698.42,-1.26,2901570
"540",54383.59,0.81,3529761
"541",53947.21,-1.25,3665198
"542",54628.6,4.38,5348249
"543",52336.83,2.52,4299676
"544",51049.32,-2.45,4915304
"545",52330.03,3.62,5761341
"546",50503.66,-2.77,7999298
"547",51940.73,2.42,5852055
"548",50713.26,-3.24,6346135
"549",52411.03,-0.04,3755447
"550",52432.43,-3.44,6577961
"551",54302.57,-2.55,3868320
"552",55723.79,2.63,4406308
"553",54298.33,-3.27,5427807
"554",56135.27,-3.24,5671150
"555",58015.46,0.1,3904652
"556",57956.53,4.78,4544409
"557",55311.59,-3.42,3635675
"558",57267.53,0.37,4503165
"559",57058.48,-0.66,4807150
"560",57436.33,0.56,4874144
"561",57115.9,4.72,6714014
"562",54539.55,1.91,3708611
"563",53518.57,1.25,3986347
"564",52858.43,-2.32,4918814
"565",54115.98,-0.93,5222294
"566",54625.35,-4.52,5186403
"567",57212.38,2.23,2982205
"568",55962.08,-1.52,2845403
"569",56824.42,0.5,2848323
"570",56540.5,-0.49,3317225
"571",56818.11,-1.68,3814905
"572",57788.7,-1,3464679
"573",58374.48,-1.24,3848211
"574",59108.19,-0.01,3525814
"575",59114.66,2.01,4876263
"576",57948.76,1.79,2902308
"577",56927.81,-2.42,4620175
"578",58337.29,0.24,2893142
"579",58198.66,-0.81,3805783
"580",58676.34,-0.87,4461153
"581",59192.75,-2.45,4386039
"582",60681.98,-0.19,3808562
"583",60800.02,-1.68,4010702
"584",61837.04,-0.1,4164325
"585",61895.98,1.23,3995833
"586",61141.27,-0.24,2769066
"587",61288.15,1.65,4942427
"588",60290.87,-1.08,4462581
"589",60950.57,1.89,5389147
"590",59821.45,0.14,4014125
"591",59735.17,2.27,2875575
"592",58407.32,-0.99,2327337
"593",58992.11,0.19,3322025
"594",58878.24,0.73,3300089
"595",58449.29,1.54,3484966
"596",57560.72,1.05,3268252
"597",56963.65,2.12,3437709
"598",55780.41,0.36,3045366
"599",55581.19,-1.53,4810759
"600",56442.34,-0.3,2145016
"601",56613.32,1.87,2672473
"602",55572.93,-1.09,3017347
"603",56188.05,-0.53,3049233
"604",56487.18,0.51,4006168
"605",56202.1,-0.73,3752629
"606",56616.33,1.28,2195137
"607",55902.87,0.13,3229092
"608",55829.41,-1.84,3488629
"609",56877.97,-0.42,2446185
"610",57118.81,-1,2702091
"611",57695.72,-0.22,2366757
"612",57821.08,-0.27,2422236
"613",57977.56,0.97,3040095
"614",57419.96,-0.97,2735092
"615",57983.32,0.61,3010254
"616",57633.92,1.09,3034796
"617",57012.9,2.47,5296344
"618",55637.51,-0.14,3975724
"619",55717.36,-0.46,4094529
"620",55973.61,0.41,3222259
"621",55743.98,1.75,4170297
"622",54785.93,0.35,3377245
"623",54592.75,1.79,4720317
"624",53634.69,-0.31,1854587
"625",53801.83,-0.47,2194504
"626",54055.9,0.34,753841
"627",53874.58,1.59,3302860
"628",53028.78,-0.27,3156004
"629",53171.49,0.01,2693285
"630",53168.22,0.02,2448709
"631",53157.3,-0.65,2370839
"632",53506.75,0.15,2241337
"633",53425.74,-1.58,2953135
"634",54280.78,0.13,3121533
"635",54210.05,-0.78,1403090
"636",54638.19,-1.02,2347832
"637",55202.54,1.66,3265409
"638",54299.95,-0.6,1588438
"639",54629.55,-0.32,2637401
"640",54806.64,-0.54,2664409
"641",55102.44,0.91,3795996
"642",54604.34,0.61,3729893
"643",54273.16,2.15,3659965
"644",53128.66,3.04,4298352
"645",51558.79,-0.53,2890028
"646",51832.98,-0.38,2571541
"647",52032.38,0.83,2859368
"648",51605.83,0.72,2597872
"649",51239.34,-1.91,4533174
"650",52239.34,-0.76,2394259
"651",52639.75,0.89,2842506
"652",52173.98,-1.43,2894729
"653",52932.91,0.58,1186785
"654",52626.41,-0.34,2462301
"655",52806.22,1.15,2941428
"656",52203.37,-0.31,3248132
"657",52366.19,-1.85,3948600
"658",53353.1,-1.15,3089500
"659",53975.76,0.22,3541383
"660",53855.54,-1.02,3436116
"661",54412.54,0.94,2878868
"662",53907.46,-0.27,2956578
"663",54052.9,1.79,2744333
"664",53100.34,-0.6,3177920
"665",53422.37,-1.17,3344300
"666",54052.74,0.51,4569557
"667",53779.74,0.62,4965708
"668",53446.17,0.88,4441053
"669",52980.31,2.62,8106016
"670",51626.69,-0.41,4623574
"671",51838.61,0.89,4326286
"672",51383.68,-0.03,2711320
"673",51399.35,-0.81,2954727
"674",51817.45,0.48,3186896
"675",51569.69,-0.78,2843977
"676",51976.86,-0.26,3492932
"677",52111.85,1.78,3015507
"678",51200.56,1.48,3427146
"679",50454.35,-2.21,3858816
"680",51596.55,-0.52,2686846
"681",51867.29,1.45,3395276
"682",51127.48,-0.11,3588904
"683",51185.4,-0.86,4195258
"684",51629.07,-1.01,5496115
"685",52155.28,2.1,3673402
"686",51081.78,-0.63,3696164
"687",51408.21,-0.57,3503425
"688",51701.05,2.85,4790742
"689",50270.37,-0.29,3501176
"690",50414.92,1.3,3645866
"691",49768.06,0.24,4230514
"692",49646.79,3.5,5928204
"693",47965.61,-0.45,3439099
"694",48180.14,0.39,2953808
"695",47993.42,1.29,3008911
"696",47380.94,0.22,4187629
"697",47278.48,1.53,4364813
"698",46567.23,0.9,3337696
"699",46150.96,2.29,3593948
"700",45117.8,0.34,2929333
"701",44965.66,-1.05,3477104
"702",45443.83,-0.91,3118215
"703",45861.81,0.36,3021302
"704",45697.62,0.36,3281473
"705",45533.2,-1.54,3673613
"706",46244.07,-1.8,3982793
"707",47093.13,1.08,3164891
"708",46589,-1.07,2293041
"709",47094.4,-1.08,4088322
"710",47606.75,2.16,3046271
"711",46599.21,-0.25,3225697
"712",46715.91,-1.43,2924848
"713",47393.5,0.03,2990702
"714",47380.24,0.19,2605766
"715",47288.61,0.29,2996909
"716",47150.83,1.18,3995373
"717",46599.76,-2.05,3859991
"718",47576.33,-1.3,1884193
"719",48201.11,0.81,3192242
"720",47812.83,-0.84,3167107
"721",48216.89,-0.51,2766348
"722",48462.79,1.58,3379297
"723",47710.82,-0.75,2634451
"724",48073.6,0.7,3195823
"725",47738.09,2.39,3632232
"726",46624.39,-0.72,3358924
"727",46964.22,1.77,3471632
"728",46147.52,-3.13,3622077
"729",47638.99,0.84,3718733
"730",47244.26,-0.66,3108272
"731",47556.78,-0.59,3324893
"732",47840.93,0.29,2694500
"733",47701.05,-0.18,2936027
"734",47787.38,-1.1,3535017
"735",48320.64,-1.99,3881695
"736",49299.66,1.56,3873302
"737",48542.07,-0.34,3104365
"738",48708.41,-0.96,1413033
"739",49181.86,-1.04,2615016
"740",49696.28,-0.82,2944479
"741",50105.37,0.81,2835624
"742",49703.1,0.56,2887806
"743",49426.9,-0.54,2802960
"744",49696.45,0.76,3509559
"745",49321.68,-2.48,3702591
"746",50576.64,0.29,2916519
"747",50430.02,-1.07,3339481
"748",50973.62,-0.01,3727849
"749",50981.09,1.27,7360435
"750",50341.25,-2.26,3476344
"751",51507.16,0.47,2048584
"752",51266.56,0.09,2002577
"753",51221.01,-0.26,1810040
"754",51356.1,0,NA
"755",51356.1,0.33,2305799
"756",51185.74,-0.87,3715176
"757",51633.43,2.12,2963036
"758",50563.43,0.94,4527717
"759",50090.35,-0.38,2678314
"760",50279.61,0.46,2796526
"761",50051.18,-0.14,2875665
"762",50121.61,0.11,3049380
"763",50067.99,-1.81,3083141
"764",50993.02,-0.34,2127973
"765",51165.38,0.43,2277888
"766",50944.27,0.31,3353325
"767",50787.63,1.14,3672303
"768",50215.79,-0.26,3641167
"769",50348.89,-1.75,3683095
"770",51244.87,-2.36,3793550
"771",52482.49,1.23,2633458
"772",51846.83,-0.03,2416589
"773",51861.21,0.81,3108021
"774",51446.91,-1.56,3730188
"775",52263.51,-1.02,3075307
"776",52800.74,0.21,3467097
"777",52688.02,-0.65,3624589
"778",53032.91,-2.35,3649177
"779",54307.04,1.6,3320479
"780",53451.6,2.34,3609727
"781",52230.29,0.82,3415415
"782",51804.33,-1.56,3848194
"783",52623.87,0.72,2317839
"784",52248.86,-0.93,4105316
"785",52740.79,-1.21,4874307
"786",53384.6,-0.83,4258832
"787",53831.85,-1.11,3327669
"788",54436.92,0.78,2731024
"789",54013.24,-0.45,4094411
"790",54256.2,0.15,12953822
"791",54172.82,-0.67,6039235
"792",54538.8,-0.97,6136229
"793",55073.37,1.7,5796138
"794",54154.15,-1.32,4940331
"795",54877.15,-1.02,5649289
"796",55440.03,-1.81,4019188
"797",56460.38,0.68,4606973
"798",56077.43,1.26,4658514
"799",55378.46,0.04,5977542
"800",55358.13,-1.1,7207230
"801",55973.03,1.8,12960046
"802",54980.64,1.5,8575265
"803",54170.6,1.92,4094501
"804",53149.62,0.29,3052373
"805",52996.64,0.85,4136779
"806",52547.71,0.45,4212435
"807",52312.44,-0.2,4002546
"808",52417.1,-0.82,3472155
"809",52848.97,0.68,4300379
"810",52489.86,-1.15,3992085
"811",53100.18,-0.15,4144762
"812",53179.46,1.61,5041869
"813",52338.19,-2.61,6498537
"814",53738.92,-0.08,4217435
"815",53782.97,-0.88,6266303
"816",54261.11,-0.31,3903922
"817",54431.05,-0.31,4296002
"818",54602.38,0.91,3915447
"819",54110.03,-1.79,4420945
"820",55095.69,-1.09,5134517
"821",55702.9,2.64,7541073
"822",54271.25,0.84,4249239
"823",53821.63,0.04,4774940
"824",53797.51,0.92,4938645
"825",53307.09,-0.49,6094588
"826",53570.46,-0.76,6816963
"827",53979.03,-0.5,6826361
"828",54251.85,0.93,7775303
"829",53749.42,2.67,10524421
"830",52351.86,1.23,6194192
"831",51716.16,0.18,5036455
"832",51625.5,-0.4,6886978
"833",51835.15,3.65,9666293
"834",50011.75,0.18,14233446
"835",49921.88,0.11,7990931
"836",49866.92,-0.45,8503490
"837",50091.55,-2.6,5718306
"838",51429.48,-1.47,4283342
"839",52197.06,1.56,5887853
"840",51397.66,1.97,5569979
"841",50405.2,-0.2,5993473
"842",50507.02,-2.07,5834324
"843",51574.09,0.07,6388044
"844",51538.78,1.24,7402332
"845",50908.34,0.02,8357310
"846",50895.92,0.58,11269003
"847",50600.55,0.6,6511885
"848",50299.49,0.85,7041146
"849",49874.9,1.93,6321020
"850",48928.82,3.12,5221897
"851",47446.71,0.05,4463409
"852",47421.85,-2.09,5267069
"853",48436.44,-0.08,3743019
"854",48474.04,-1.36,4491267
"855",49140.78,1.88,4687460
"856",48234.49,-0.67,4944680
"857",48561.78,-1.32,5507603
"858",49212.33,-0.42,3285154
"859",49422.05,0.72,3997364
"860",49066.75,1.43,4935610
"861",48374.23,-0.91,5006482
"862",48819.52,0.51,4579428
"863",48574.09,2.48,4132020
"864",47400.23,-0.54,3473908
"865",47656.92,0.53,4285185
"866",47407.31,1.15,5184984
"867",46869.29,0.28,4775743
"868",46738.9,2.65,4842797
"869",45533.24,-2.34,5357154
"870",46626.26,2.51,5587873
"871",45483.43,0.9,4867678
"872",45075.5,0,4664090
"873",45075.5,-0.3,4664090
"874",45210.49,-1.21,6988118
"875",45763.16,1.6,5100405
"876",45044.03,-0.41,6998886
"877",45228.95,-4.24,8123338
"878",47229.59,-0.48,6658306
"879",47457.13,-0.32,5752820
"880",47609.46,0.93,5567286
"881",47171.98,0.59,5636207
"882",46893.04,2.02,4773529
"883",45965.05,-2.32,6301491
"884",47056.04,-2.4,6416384
"885",48214.43,0.67,8789348
"886",47893.06,-3.18,6582567
"887",49464.94,0.77,5977285
"888",49088.65,-0.49,5324695
"889",49332.34,-2.15,5826088
"890",50414.89,2.51,6228368
"891",49180.58,-1.18,7779944
"892",49769.93,-3.01,5560517
"893",51316.65,-0.59,4689463
"894",51618.63,-2.39,5635254
"895",52884.83,0.16,4088832
"896",52798.63,-2.26,4630213
"897",54017.9,0.14,4314533
"898",53944.36,0.82,4336132
"899",53506.08,-2.07,8790457
"900",54634.69,-2.5,5004187
"901",56036.26,-0.64,4175226
"902",56395.94,-0.02,2051104
"903",56406.21,0.1,4852680
"904",56349.91,-0.14,4072075
"905",56429.27,0.29,4872352
"906",56265.32,1.01,3898516
"907",55700.77,0.97,4164751
"908",55164.27,0.72,4067477
"909",54772.62,-0.3,5080243
"910",54936.41,0.49,4899788
"911",54666.82,0.4,5094782
"912",54447.77,-1.2,3956469
"913",55107.8,-0.61,5315139
"914",55447.56,-0.64,4799457
"915",55804.8,-0.83,6519724
"916",56274.66,1.52,6235442
"917",55429.88,-0.1,6452639
"918",55488.08,0.3,8860754
"919",55321.93,-1.05,5435958
"920",55910.37,1.86,7138243
"921",54887.25,1.17,5931100
"922",54252.04,-1.29,4660108
"923",54963.32,-0.04,4347735
"924",54984.23,0.18,3949822
"925",54884.75,1.08,5365622
"926",54297.73,0.68,4174734
"927",53928.92,1.44,3732925
"928",53165.91,0.54,4554192
"929",52881.96,-2.05,7412904
"930",53990.83,1.97,4353830
"931",52949.93,-3.66,4709361
"932",54962.65,-0.79,4805703
"933",55400.91,-1.4,3836765
"934",56186.56,0.49,5388668
"935",55912.04,1.49,5186246
"936",55092.31,0.08,5504273
"937",55050.6,0.74,5974328
"938",54648.15,-1.65,4574061
"939",55562.74,1.23,4480364
"940",54889.1,-1.81,3588531
"941",55902.18,-0.8,2755267
"942",56352.09,0.57,4373766
"943",56034.29,0.65,4052602
"944",55671.39,1.45,3755199
"945",54873.12,-0.67,3849334
"946",55243.4,-0.6,3744374
"947",55576.67,-0.81,4368157
"948",56030.03,-0.59,4179146
"949",56361.24,-1.07,3828711
"950",56972.96,0.18,3741084
"951",56869.28,-0.72,5182363
"952",57281.02,-0.18,4580617
"953",57385.9,-1.41,4536735
"954",58208.61,-0.57,3805014
"955",58544.79,0.19,4128986
"956",58432.75,-0.7,4129246
"957",58846.81,1.56,6338190
"958",57940.14,3.56,5806077
"959",55950.73,-0.97,4260986
"960",56499.17,-0.68,4033748
"961",56883.99,-0.94,3889627
"962",57424.29,0.26,4441867
"963",57273.88,0.57,5033941
"964",56948.87,0.59,4510518
"965",56617.56,-0.14,3965436
"966",56697.06,0.97,5113801
"967",56154.68,-0.04,4915780
"968",56177.6,-1.98,4950272
"969",57314.4,-0.52,3921061
"970",57613.9,-0.5,2697253
"971",57903.3,-0.3,3439477
"972",58077.31,-0.56,2385104
"973",58405.74,-0.16,2803774
"974",58497.83,0.21,3152391
"975",58372.46,-0.98,4071533
"976",58951.07,-0.83,4410341
"977",59444.97,-0.22,4429542
"978",59575.66,-1.28,3347802
"979",60351.16,0.99,3412494
"980",59761.49,0.72,4749360
"981",59336.7,-1.77,4661221
"982",60406.33,0.63,3192615
"983",60027.07,-1.87,3426796
"984",61169.83,-1.29,3605176
"985",61966.26,0.44,3209030
"986",61692.29,-0.34,3474973
"987",61899.71,-0.09,2143439
"988",61956.14,-0.38,3495162
"989",62194.06,0.66,3381904
"990",61787.35,0.1,2789147
"991",61727.61,-0.57,3819290
"992",62080.79,0.95,3481431
"993",61497.43,-0.29,3160995
"994",61678.31,0.16,4100568
"995",61578.58,0.74,3236422
"996",61127.84,-1.3,3840505
"997",61932.54,-0.94,3985839
"998",62523.06,-1.25,6233753
"999",63312.46,1.22,3355888
"1000",62550.1,2.62,3739727
"1001",60952.08,0.89,2625971
"1002",60415.95,-0.89,2852593
"1003",60959.79,-0.08,2598017
"1004",61007.03,-0.44,3157488
"1005",61276.12,0.46,3083356
"1006",60998.34,0.89,4427508
"1007",60460.73,1.5,4364754
"1008",59566.52,-0.06,3114311
"1009",59604.92,0.49,3405727
"1010",59316.75,-0.26,3569478
"1011",59474.18,-0.25,4749555
"1012",59623.34,0.63,3988520
"1013",59248.23,1.3,3061784
"1014",58487.32,1.44,3042435
"1015",57656.42,-0.04,3203225
"1016",57678.62,0.2,3582360
"1017",57563.23,-1.1,3937290
"1018",58202.35,1.27,3485805
"1019",57474.57,-0.65,5046935
"1020",57852.53,2.32,3401488
"1021",56539.4,0.52,3465375
"1022",56248.09,-0.86,3554245
"1023",56737.1,-1.45,2752747
"1024",57574.03,2.01,3181912
"1025",56436.97,0.35,2146160
"1026",56242.12,-0.37,3592193
"1027",56450.86,1.89,2782776
"1028",55402.33,-1.56,3471887
"1029",56279.36,-2.1,3606395
"1030",57486.07,0.74,3363357
"1031",57064.31,-0.51,2071108
"1032",57357.71,-0.29,4250447
"1033",57524.45,-1.7,3200963
"1034",58517.35,-1.58,3083977
"1035",59458.59,2.15,3470059
"1036",58209.76,-0.3,2617287
"1037",58382.68,2.3,2980114
"1038",57068.18,-1.07,2794129
"1039",57683.76,0.89,1605973
"1040",57176.58,-0.17,1709884
"1041",57276.81,-0.97,2999446
"1042",57836.78,1.18,3145587
"1043",57160.74,-0.92,2934722
"1044",57690.24,-1.72,3395593
"1045",58700.3,-0.38,2803473
"1046",58922.04,-1.36,3000158
"1047",59733.9,-0.59,3321116
"1048",60087.29,0.57,4209455
"1049",59743.87,0.24,3251082
"1050",59601.71,0.74,3119253
"1051",59161.72,1.21,2817841
"1052",58456.28,-0.82,2781581
"1053",58939.46,-0.64,3146309
"1054",59317.15,1.27,2596129
"1055",58571.59,0.19,3243755
"1056",58458,-0.29,3365178
"1057",58627.33,-1,3195669
"1058",59222.08,-0.59,3198491
"1059",59570.8,0.67,2759554
"1060",59175.86,-1.77,3690019
"1061",60239.79,-0.39,3810919
"1062",60478.05,-0.04,3139320
"1063",60501.1,-2.28,3873633
"1064",61909.99,0.96,3329704
"1065",61320.07,-0.6,2985415
"1066",61687.97,0.06,2924051
"1067",61651.83,-0.25,3391065
"1068",61804.33,0,3202090
"1069",61805.98,-0.48,3903047
"1070",62105.47,0.24,5816125
"1071",61958.12,3.4,5974699
"1072",59921.8,0.84,4849843
"1073",59422.55,1.74,3854837
"1074",58404.1,0.14,3513591
"1075",58321.24,2.56,3620653
"1076",56863.91,1.12,3312927
"1077",56233.9,-1.83,3235904
"1078",57281.45,0.39,2317015
"1079",57061.45,-0.34,5747232
"1080",57256.43,-0.2,3132558
"1081",57369.19,-1.78,4106196
"1082",58406.4,0.51,2728143
"1083",58111.46,-0.54,2344216
"1084",58425.76,-0.15,3212557
"1085",58511.55,-1.46,3341946
"1086",59380.76,0.79,3708772
"1087",58917.73,-0.62,3926375
"1088",59283.09,0.34,3001152
"1089",59082.37,-0.61,2954102
"1090",59445.79,2.16,3476953
"1091",58189.28,0.18,4578146
"1092",58082.92,-1.76,3533837
"1093",59122.74,-0.27,2539244
"1094",59280.93,0.82,3079944
"1095",58797.13,-0.26,2862855
"1096",58950.98,2.12,3233289
"1097",57725.66,-1.06,3447208
"1098",58344.61,1.9,3613409
"1099",57255.22,3.12,3577415
"1100",55520.4,-1.37,2838099
"1101",56291.93,0.35,1315806
"1102",56097.05,-2,692076
"1103",57240.92,1.22,2965541
"1104",56553.12,4.72,4674321
"1105",54002.72,2.65,3017566
"1106",52607.54,-0.06,2216080
"1107",52638.63,-0.75,2762618
"1108",53033.96,-2.14,2807859
"1109",54194.79,-2.08,2864944
"1110",55346.65,1.4,2879123
"1111",54583.13,1.25,2296160
"1112",53909.47,0.95,2519376
"1113",53401.8,-1.71,2821735
"1114",54330.51,1.7,2784505
"1115",53420.87,-0.28,3047513
"1116",53569.14,-0.25,2970622
"1117",53705.82,-3.05,3467888
"1118",55394.05,-1.75,2701851
"1119",56379.06,0.54,3128679
"1120",56076.82,0.53,1718426
"1121",55780.32,1.99,4064440
"1122",54692.79,0.62,2874295
"1123",54354.63,3.23,3744770
"1124",52652.25,-0.86,3531606
"1125",53108.93,-1.35,3825838
"1126",53836.57,0.06,2707003
"1127",53805.38,-2.95,2160086
"1128",55439.5,-0.12,2476788
"1129",55505.17,-2.91,2601757
"1130",57166.55,-0.05,3201983
"1131",57195.49,1.78,3658725
"1132",56195.21,0.16,2960613
"1133",56104.69,1.36,3900868
"1134",55351.67,-0.54,3299181
"1135",55650.51,1.09,4187785
"1136",55049.03,1.94,3894689
"1137",54001.45,-0.79,2736544
"1138",54429.85,0.51,2627585
"1139",54156.04,3.19,3542085
"1140",52481.44,-1.75,2529926
"1141",53416.75,0.03,2359903
"1142",53402.9,-2,2986318
"1143",54490.41,1.29,4825926
"1144",53797.91,-1.53,3298404
"1145",54633.06,-1.05,3047913
"1146",55212.69,1.38,1857295
"1147",54463.16,0.74,2988413
"1148",54063,-1.02,4013743
"1149",54619.48,-0.76,4334038
"1150",55038.75,-2.74,3667316
"1151",56590.24,3.81,3569008
"1152",54513.16,0.88,4306167
"1153",54038.2,-3.31,3709839
"1154",55887.57,-0.62,4327632
"1155",56237.97,-2.26,4189266
"1156",57539.61,-3.21,3047334
"1157",59445.21,-0.43,2532359
"1158",59702.05,-0.14,2701439
"1159",59786.12,-0.96,3261646
"1160",60365.48,-1.4,3091248
"1161",61220.43,0.66,3370360
"1162",60820.93,-2.07,4961679
"1163",62104.15,-0.51,3036019
"1164",62423.56,0.98,2955512
"1165",61820.26,0.21,1963200
"1166",61691.21,-0.81,2547504
"1167",62198.06,0.72,3129987
"1168",61750.38,-0.36,3307144
"1169",61971.14,0.7,2377034
"1170",61539.38,-1.53,2533305
"1171",62494.08,-0.2,2285255
"1172",62618.41,-0.62,2358203
"1173",63010.48,0.5,4053714
"1174",62698.87,1.2,2704501
"1175",61954.55,-0.24,2316563
"1176",62105.6,-1.51,2959562
"1177",63058,2.88,3115740
"1178",61293.14,-0.72,2952550
"1179",61738.28,-1.88,3094030
"1180",62923.21,-1.21,1788242
"1181",63691.18,0.26,2294869
"1182",63528.65,-1.18,2739649
"1183",64284.26,-1.43,2773651
"1184",65216.25,1.09,2966513
"1185",64510.97,-0.56,3155871
"1186",64871.99,-0.32,2895573
"1187",65079.34,-1.45,2882907
"1188",66037.35,-0.97,2723035
"1189",66684.59,1.32,2010898
"1190",65812.95,-0.02,2524800
"1191",65828.19,-1.54,2676130
"1192",66860.05,-0.65,1981044
"1193",67295.56,-0.64,2071435
"1194",67730.31,0.07,2143696
"1195",67684.13,-0.1,2408587
"1196",67749.49,-0.74,2295250
"1197",68257.22,-0.2,2732797
"1198",68394.33,3.03,3165113
"1199",66384.76,-0.48,2149750
"1200",66703.96,-0.31,2253591
"1201",66908.39,1.35,2890830
"1202",66016.76,1.39,2683350
"1203",65114.15,-2.76,2742697
"1204",66964.03,-1.21,2315726
"1205",67781.6,1.45,2557047
"1206",66809.8,1.52,2328728
"1207",65811.73,-0.22,3345462
"1208",65958.78,1.1,2716936
"1209",65241.49,-1.06,2226005
"1210",65942.73,0.19,2119883
"1211",65819.62,-0.41,2322891
"1212",66092.77,-0.17,1791403
"1213",66203.5,0.09,2352682
"1214",66141.7,1.18,3068406
"1215",65368.49,0.51,3825460
"1216",65038.53,-0.99,2738162
"1217",65691.53,2.65,2619156
"1218",63997.86,-2.34,3501357
"1219",65530.49,-0.46,2688321
"1220",65831.16,-0.13,2887044
"1221",65917.02,1.06,2722074
"1222",65223.72,0.01,1919631
"1223",65217.37,0.97,3059733
"1224",64593.1,0.04,3107652
"1225",64567.18,2.37,3904037
"1226",63072.31,0.48,3437747
"1227",62770.01,-0.21,2197624
"1228",62904.2,-0.08,2218192
"1229",62953.06,0.75,3173910
"1230",62486.22,0.16,2731030
"1231",62386.24,0.12,2375963
"1232",62312.13,0.62,2246306
"1233",61926.69,0.33,2843393
"1234",61722.86,1.78,2757887
"1235",60645.9,1.15,2524194
"1236",59956.46,1.37,1704951
"1237",59146.58,-1.29,5624218
"1238",59920.78,-0.07,2145549
"1239",59962.4,0.26,2245201
"1240",59805.96,1.22,2689228
"1241",59082.88,0.82,2244556
"1242",58600.37,0.09,1659182
"1243",58546.08,-1.38,2351139
"1244",59364.95,0.17,2251949
"1245",59264.87,2.48,3083028
"1246",57829.27,1.89,2614590
"1247",56754.08,0.39,2779117
"1248",56533.76,-2.54,1611964
"1249",58005.2,0.58,1616513
"1250",57669.48,-0.05,592754
"1251",57701.07,0.62,1767151
"1252",57347.87,1.23,2288998
"1253",56653.37,-0.37,2264347
"1254",56864.85,2.83,3232962
"1255",55298.33,-1.42,2833344
"1256",56096.93,-0.42,2440004
"1257",56331.15,-0.56,2605740
"1258",56646.87,-1.47,4140430
"1259",57494.85,0.26,2901266
"1260",57346.86,-1.53,2502187
"1261",58236.46,1.36,1946338
"1262",57455.02,-2.06,2720859
"1263",58662.83,-1.47,2171829
"1264",59536.16,1.06,2178086
"1265",58910.48,1.77,2535273
"1266",57885.85,-0.44,2985531
"1267",58143.42,2.23,3296961
"1268",56874.98,2.85,4892999
"1269",55299.76,-1.28,2821987
"1270",56017.35,2.05,2271094
"1271",54894.49,-0.7,1814907
"1272",55279.88,0.56,1410281
"1273",54972.08,-1.62,2429415
"1274",55878.44,-0.72,2681651
"1275",56284.59,-0.79,2894760
"1276",56731.34,-0.45,2297113
"1277",56988.9,-2.68,3054647
"1278",58559.99,0.52,2703813
"1279",58258.23,-0.49,1790941
"1280",58546.97,2.14,2136492
"1281",57321.81,-0.4,1959002
"1282",57549.74,-2.5,2622941
"1283",59026.13,-0.29,1933980
"1284",59198.77,0.9,1869342
"1285",58669.92,0.81,1946528
"1286",58196.3,1.52,2445736
"1287",57322.75,-1.74,2827661
"1288",58338.39,-1.97,2257976
"1289",59513.13,0.41,2388056
"1290",59270.13,3.72,3665751
"1291",57143.79,1.52,2172483
"1292",56285.99,-1.07,2262826
"1293",56891.97,2.96,2655999
"1294",55255.23,2.31,2151102
"1295",54009.98,-1.74,2282791
"1296",54966.13,-0.12,2430756
"1297",55031.93,2.08,2539952
"1298",53911.33,-2.03,2366139
"1299",55030.45,0.79,2323257
"1300",54601.07,1.42,3574120
"1301",53838.47,1.06,2845461
"1302",53273.11,3.96,2180533
"1303",51243.62,-2,2627160
"1304",52290.37,2.5,3145694
"1305",51013.85,0.65,2830308
"1306",50686.34,-0.21,4038795
"1307",50791.53,-2.93,3112446
"1308",52324.42,-1.99,3072618
"1309",53384.67,0.21,2304826
"1310",53270.36,-1.21,2340816
"1311",53920.36,0.32,2454194
"1312",53747.52,0.97,2143239
"1313",53230.36,-0.09,2689194
"1314",53280.28,-4.83,3603686
"1315",55981.9,-0.7,2777076
"1316",56378.63,-1.27,2677092
"1317",57102.78,-0.19,2328212
"1318",57210.11,1.47,1969970
"1319",56381.46,0.17,2136717
"1320",56286.04,1.34,2836275
"1321",55543.97,-0.25,2099358
"1322",55685.47,-0.17,2376205
"1323",55778.39,-3.2,2481841
"1324",57623.63,1.8,2757015
"1325",56607.3,2.93,2846808
"1326",54998.41,-2.71,1609056
"1327",56531.62,-2.73,4013572
"1328",58118.2,2.87,4013572
"1329",56495.12,2,2940099
"1330",55385.03,0.96,2343417
"1331",54860.73,2.83,2293735
"1332",53350.79,0.75,2222969
"1333",52953.3,-1.57,2381150
"1334",53795.7,0.02,2492289
"1335",53786.63,2.57,2679043
"1336",52440.23,-0.01,2140804
"1337",52447.63,-1.29,2577282
"1338",53134.1,-3.52,3120409
"1339",55073.02,1.38,3160628
"1340",54323.61,-0.6,2464550
"1341",54651.83,2.2,2540570
"1342",53473.35,0.24,3269783
"1343",53343.11,3.79,4065977
"1344",51395.29,0.48,4358755
"1345",51150.9,5.1,5268210
"1346",48668.29,-8.08,4894698
"1347",52949.22,0.26,4320575
"1348",52811.36,-5.72,4455458
"1349",56017.22,-2.26,3491700
"1350",57310.78,-2.09,2696152
"1351",58535.74,-0.49,2109354
"1352",58823.45,0.2,2366335
"1353",58708.25,0.72,2234092
"1354",58288.46,-1.77,2618993
"1355",59339.9,-1.05,2174791
"1356",59970.54,-0.5,1772309
"1357",60270.47,0.01,1809502
"1358",60262.95,1.93,2159688
"1359",59119.71,0.06,1945981
"1360",59082.13,0.42,1887986
"1361",58837.61,-1.08,1956430
"1362",59478.01,-0.34,1960244
"1363",59679.35,-1.63,2363357
"1364",60669.89,1.62,2284285
"1365",59704.75,-0.86,1946119
"1366",60223.63,-2.1,1773239
"1367",61513.24,-1.12,1670580
"1368",62207.33,-0.57,1865009
"1369",62565.46,-0.75,1612562
"1370",63038.81,-1.33,1937720
"1371",63891.31,0.78,1000477
"1372",63394.34,1.59,2376269
"1373",62403.64,0.11,1813944
"1374",62333.97,0.05,1873400
"1375",62303.37,1.77,1796350
"1376",61216.98,0.33,1633908
"1377",61016.72,-0.29,1449055
"1378",61194.09,-0.37,1863451
"1379",61423.61,0.42,1696673
"1380",61168.24,0.18,2019741
"1381",61059.98,0.29,1974677
"1382",60880.62,-1.17,1991098
"1383",61603.74,-0.97,2668099
"1384",62204.83,0.29,1762363
"1385",62022.92,-1.08,1397132
"1386",62697.16,-1.22,1688260
"1387",63468.82,0.69,1946852
"1388",63032.97,-0.29,1805869
"1389",63217.85,0.24,2089604
"1390",63067.73,-1.98,1822344
"1391",64340.5,0.19,2155887
"1392",64218.08,1.27,2135610
"1393",63411.48,-1.87,2158244
"1394",64620.08,1.04,2428456
"1395",63953.93,-0.53,629037
"1396",64294.96,0.31,1672062
"1397",64098.57,1.12,2397030
"1398",63388.44,0.08,1918542
"1399",63336.75,1.59,2006315
"1400",62345.18,-0.4,1767696
"1401",62596.52,0.37,2087015
"1402",62367.36,-0.75,2291225
"1403",62840.61,-1.31,2488059
"1404",63673.34,1.34,2210780
"1405",62829.68,-0.64,2459595
"1406",63235.3,-1.2,2667458
"1407",64003.16,0.36,2486840
"1408",63775.82,-1.7,2458499
"1409",64876.88,0.39,1982579
"1410",64621.97,0.32,1880818
"1411",64417.34,1.59,2689928
"1412",63407.01,-0.33,2806009
"1413",63615.5,-1.09,2490020
"1414",64318.18,-1.75,2235405
"1415",65462.75,-1.01,2306707
"1416",66132.86,0.7,2645050
"1417",65673.21,-0.89,3089995
"1418",66264.47,-1.31,2151251
"1419",67144.26,0.26,1726521
"1420",66972.37,-0.13,1385814
"1421",67058.02,1.36,2397399
"1422",66158.09,1.14,2214365
"1423",65415.49,-1.9,3060398
"1424",66684.21,0.61,2145721
"1425",66278.89,-0.31,2258980
"1426",66486.49,-0.61,2515208
"1427",66896.23,-1.86,2525736
"1428",68164.36,-0.81,2173871
"1429",68718.01,-0.66,2111494
"1430",69176.12,0.2,2223737
"1431",69036.91,-1.15,2113720
"1432",69837.52,0.19,2483424
"1433",69703.8,0.63,1923536
"1434",69268.29,0.99,2397413
"1435",68586.7,0.87,2124421
"1436",67997.06,0.86,1859841
"1437",67418.76,0.34,1768164
"1438",67192.82,-0.85,1444372
"1439",67765.94,0.34,2223711
"1440",67532.97,-0.39,1819711
"1441",67795.51,0.32,2145658
"1442",67578.33,1.33,2357859
"1443",66689.61,-0.28,2557364
"1444",66879.89,1,2842709
"1445",66215.93,0.32,1984940
"1446",66002.57,-1.5,3056842
"1447",67005.22,-0.24,2852274
"1448",67169.25,0.73,1874220
"1449",66684.6,0.98,2491096
"1450",66040.66,-1.82,2375086
"1451",67263.75,-1.1,1407598
"1452",68012.1,-0.2,1839999
"1453",68145.53,1.28,2254558
"1454",67281.51,1.57,2518555
"1455",66242.63,-1.69,2166393
"1456",67383.22,0.72,2640306
"1457",66902.53,-0.07,2394642
"1458",66948.99,0.06,2699114
"1459",66910.48,0.71,3334934
"1460",66439.83,-1.22,3045347
"1461",67258.66,-1.19,1452915
"1462",68066.82,0.56,1944043
"1463",67684.99,0.16,2147866
"1464",67576,1.86,2672366
"1465",66341.39,-0.32,2355469
"1466",66557.55,1.22,1945022
"1467",65755.66,1.82,2396458
"1468",64577.83,0.56,2356354
"1469",64217.52,-2.36,2811346
"1470",65771.33,0.63,2763937
"1471",65362.04,0.14,1980431
"1472",65269.15,-2.24,2676732
"1473",66764.84,0.11,2380785
"1474",66688.48,-1.71,2551420
"1475",67847.34,1.91,2114052
"1476",66574.88,-0.18,2253833
"1477",66697.57,-1.99,2544030
"1478",68050.71,-0.96,2304361
"1479",68709.22,-1.03,2542472
"1480",69426.57,0.42,1474487
"1481",69133.09,-0.62,2071797
"1482",69561.53,-0.71,2169624
"1483",70058.08,-1.21,1884793
"1484",70919.75,0.44,1877411
"1485",70609.07,-0.47,1538533
"1486",70940.22,0.31,1806690
"1487",70721.44,-1.27,2237712
"1488",71632.9,1.72,2516090
"1489",70423.44,0.42,2138029
"1490",70127.04,0.1,1610794
"1491",70057.2,-0.74,1761075
"1492",70578.83,-0.72,2546050
"1493",71091.03,1.1,2309214
"1494",70317.79,0.51,2427239
"1495",69962.32,0.95,1862319
"1496",69304.81,0.51,2102150
"1497",68952.42,1.34,1307736
"1498",68040.94,0.35,1401128
"1499",67803.16,-1,1035361
"1500",68485.96,0.02,1229309
"1501",68470.76,0.38,1656716
"1502",68214.86,1.41,1897474
"1503",67263.6,-1.06,2352883
"1504",67981.22,1,1983767
"1505",67306.39,-0.83,2401358
"1506",67870.14,-1.27,1348149
"1507",68742.97,-0.55,1875339
"1508",69126.32,1.15,2462610
"1509",68341.83,0.68,2807660
"1510",67879.46,-0.43,2447138
"1511",68174.92,-1.68,2671548
"1512",69337.64,-0.31,2592247
"1513",69551.81,-0.31,1888791
"1514",69766.09,0.34,2828009
"1515",69527.07,0.26,2111850
"1516",69345.85,2.42,2090526
"1517",67705.4,-0.3,2159187
"1518",67908.18,-0.47,1777899
"1519",68226.1,-1.64,1564895
"1520",69361.63,-0.38,981629
"1521",69629.36,2.47,1990594
"1522",67952.55,-2.41,2080630
"1523",69632.5,-1.78,1739160
"1524",70897.9,0.16,1506445
"1525",70781.4,1.54,1881660
"1526",69708.63,0.75,1991540
"1527",69192.41,-1.67,2240756
"1528",70367.15,-1.16,1188518
"1529",71195.16,-0.62,1353239
"1530",71638.38,-0.06,1485238
"1531",71679.47,-1.35,1505086
"1532",72657.37,0.07,1077555
"1533",72606.58,-0.53,1732044
"1534",72995.69,1.52,2175808
"1535",71904.77,0.48,2145867
"1536",71560.93,1.26,1555039
"1537",70673.3,0.5,2208789
"1538",70320.13,-0.35,2230107
"1539",70568.94,-0.24,2202523
"1540",70740.39,1.67,2576738
"1541",69580.28,0.07,3836064
"1542",69529.73,-0.18,2421553
"1543",69652.1,-1.07,2587885
"1544",70404.68,0.77,2407218
"1545",69863.58,-2.61,2495212
"1546",71735.53,-0.13,2111651
"1547",71830.18,0.19,2015231
"1548",71692.29,0.02,2633091
"1549",71674.9,1.03,2984950
"1550",70946.49,0.19,1169065
"1551",70808.8,1.27,2135986
"1552",69918.4,-0.88,2587232
"1553",70541.37,-1.04,2780680
"1554",71283.11,1.28,2713072
"1555",70384.92,0.22,1876733
"1556",70229.35,1.15,2452533
"1557",69429.78,0.29,2466216
"1558",69228.24,0,3067165
"1559",69227.63,0.6,1851862
"1560",68815.97,0.91,2138688
"1561",68196.48,-0.87,3440901
"1562",68794.32,0.69,3305114
"1563",68325.18,0.89,2495279
"1564",67719.13,-0.69,1734033
"1565",68190.46,1.64,1775119
"1566",67089.12,-0.85,1629319
"1567",67662.99,-0.65,1464316
"1568",68106.85,0.61,2234285
"1569",67691.85,-0.5,2593904
"1570",68030.58,1.83,2144479
"1571",66806.79,0.27,1560919
"1572",66624.1,0.33,1438814
"1573",66407.28,-0.51,1716026
"1574",66747.3,0.1,651477
"1575",66678.62,-0.19,2019168
"1576",66808.08,-0.39,1601180
"1577",67072.53,2.96,2508944
"1578",65145.45,1.38,3284717
"1579",64260.79,-2.02,1286303
"1580",65585.14,2.69,1763996
"1581",63867.48,-1.44,1773419
"1582",64803.43,-0.54,1753070
"1583",65156.36,-1.25,1604109
"1584",65981.86,-1.04,1379537
"1585",66677.16,-0.31,1414659
"1586",66887.13,-1.11,1919910
"1587",67638.38,0.08,2366906
"1588",67583.77,1.32,1746972
"1589",66701.89,0.66,1394722
"1590",66264.43,0.45,1841109
"1591",65966.17,0.27,1546628
"1592",65790.29,-2.13,1732804
"1593",67223.23,-0.94,1625491
"1594",67862.28,-0.34,1254734
"1595",68094.76,-0.46,1513178
"1596",68411.72,0.2,1611595
"1597",68272,0.4,1875265
"1598",67997.36,-0.76,1900007
"1599",68517.46,1.48,1766595
"1600",67515.4,0.84,2088428
"1601",66953.83,0.22,2160222
"1602",66808.25,0.2,1939328
"1603",66674.44,0.35,1601854
"1604",66443.26,0.18,1234446
"1605",66322.99,0.87,1539937
"1606",65748.1,1.97,2320652
"1607",64476.84,0.02,1821860
"1608",64462.5,1.84,2429412
"1609",63297.04,1.54,1276401
"1610",62339.27,-1.81,1326413
"1611",63489.37,0.02,1564848
"1612",63479.46,-0.32,1450336
"1613",63685.56,1.15,1583746
"1614",62960.1,-0.81,1229061
"1615",63476.32,0.3,1657985
"1616",63283.8,1.96,1732165
"1617",62064.75,1.97,1786519
"1618",60865.27,-0.92,759929
"1619",61429.79,0.32,1143809
"1620",61236.2,0.49,2129991
"1621",60935.9,-1.68,1958301
"1622",61977.91,-3.5,2196054
"1623",64225.22,-0.92,943297
"1624",64823.83,1.39,1257216
"1625",63936.7,-1.88,1786445
"1626",65160.33,0.54,1762276
"1627",64810.62,-0.03,1931720
"1628",64829.03,0.61,1622989
"1629",64437.58,-0.16,1871818
"1630",64540.91,-0.32,1888753
"1631",64750.71,0.48,2440953
"1632",64442.27,1.43,1267225
"1633",63532.85,-0.11,1793684
"1634",63605.38,0.88,1345775
"1635",63048.8,2.55,1717034
"1636",61478.61,-0.51,1736354
"1637",61793.64,1,1605117
"1638",61182.92,-0.8,1626954
"1639",61675.75,-2.01,1691017
"1640",62942.91,1.78,1878413
"1641",61840.99,-1.91,2253854
"1642",63046.51,1.77,1197655
"1643",61946.99,-0.23,2081579
"1644",62091.77,3.16,2387981
"1645",60190.36,1.7,3638612
"1646",59184.08,-1.22,2477879
"1647",59915.14,-0.57,1792679
"1648",60259.33,3.55,2558270
"1649",58192.08,-2.51,3369255
"1650",59689.32,-1.89,3203035
"1651",60841.08,-3.22,2786993
"1652",62866.26,-0.86,2745965
"1653",63412.47,-2.12,2220764
"1654",64788.22,-0.67,1798126
"1655",65223.63,1.24,1981424
"1656",64424.89,-1.57,2401506
"1657",65452.68,4.11,2377439
"1658",62870.88,-0.86,2903498
"1659",63414.22,-2.31,3207628
"1660",64914.17,0.07,2681289
"1661",64869.32,-3.35,2820097
"1662",67119.41,-0.61,1776099
"1663",67529.73,-0.66,2120201
"1664",67978.05,1.98,1609398
"1665",66655.71,0.22,1855508
"1666",66511.1,-3.43,2062173
"1667",68871.94,-0.92,1179358
"1668",69509.49,0.18,1366825
"1669",69386.41,0.1,1787153
"1670",69318.44,0.32,1750232
"1671",69097.58,-0.47,1721901
"1672",69421.35,-1.56,2043756
"1673",70524.35,-0.72,2264690
"1674",71034.85,0.34,1758801
"1675",70792.4,0.25,1634235
"1676",70614.36,-1.12,1471544
"1677",71417.27,-0.51,1679943
"1678",71784.77,1.4,1701792
"1679",70792.94,-0.43,1720487
"1680",71095.65,-0.27,1696930
"1681",71289.68,0.22,1315908
"1682",71136.34,1.09,1552732
"1683",70371.54,0.59,1676781
"1684",69959.58,0.03,1490014
"1685",69939.12,1.83,1528017
"1686",68682.66,0.35,1771487
"1687",68441.66,-0.68,1478365
"1688",68913.4,-0.68,1597471
"1689",69386.72,0.5,1606596
"1690",69041.73,0.31,1395190
"1691",68828.98,-1.25,1957343
"1692",69697.33,-0.04,1656113
"1693",69723.23,-0.31,1372092
"1694",69942.2,1.33,1302335
"1695",69023.75,-0.46,1453049
"1696",69341.38,-0.78,1569016
"1697",69884.61,-0.14,1627260
"1698",69979.27,0.58,1909259
"1699",69576.38,1.46,2464129
"1700",68575.47,-0.39,1428165
"1701",68846.5,1.52,1950680
"1702",67814.7,0.26,1398526
"1703",67641.34,-0.2,2113768
"1704",67779.16,0.82,1708568
"1705",67227.93,1.09,1363054
"1706",66503.27,0.58,1731428
"1707",66121.04,0.5,1792218
"1708",65794.77,-0.47,1572916
"1709",66108.33,-1.6,1644758
"1710",67184.16,-0.61,1401544
"1711",67597.43,-0.35,1248066
"1712",67836.08,0.82,1286555
"1713",67284.56,2.17,1043254
"1714",65854.97,-0.41,873282
"1715",66128.94,1.66,1259008
"1716",65051.42,0.51,891043
"1717",64718.17,2.48,1357369
"1718",63153.09,0.62,1875631
"1719",62762.7,-1.83,3053037
"1720",63934.01,-4.73,2262324
"1721",67108.55,-0.08,1764967
"1722",67163.2,0.89,1587700
"1723",66571.73,1.79,1494385
"1724",65401.77,-0.28,1823112
"1725",65587.8,0.8,1649433
"1726",65069.79,-0.69,1813642
"1727",65523.73,-1.05,1990495
"1728",66220.04,-0.08,1304991
"1729",66270.13,-2.83,2263813
"1730",68200.06,-2.44,1990502
"1731",69908.59,0.73,1323300
"1732",69400.93,0.61,1138938
"1733",68978.3,-1.18,1648321
"1734",69801.41,-0.83,1830153
"1735",70385.47,0.44,1818770
"1736",70075.77,-0.51,1628618
"1737",70433.48,0.24,1569070
"1738",70262.7,-0.27,1634483
"1739",70451.12,-0.39,1554951
"1740",70729.34,0.7,2243625
"1741",70239.81,0.28,1984118
"1742",70045.08,2.12,1655464
